<?xml version="1.0" encoding="UTF-8"?>
<!DOCTYPE mapper
  PUBLIC "-//mybatis.org//DTD Mapper 3.0//EN"
  "http://mybatis.org/dtd/mybatis-3-mapper.dtd">
<mapper namespace="com.homet.dao.UserMapper">

	<select id="login" parameterType="User" resultType="User">
		select  uidx,name,nickname,email,age,gender,addr from users where email=#{email} and password=sha2(#{password},256)
	</select>
	
	<insert id="insert" parameterType="User" useGeneratedKeys="true"
				keyColumn="uidx" keyProperty="uidx">
	<!-- insert 후에 자동증가컬럼값 가져오기 : useGeneratedKeys="true" 
		  데이터베이스에서 자동증가 컬럼 keyColumn,  매핑되는 dto 클래스의 변수명 keyProperty-->
		insert into users(name,nickname,password,email,addr,gender,age)
		values (#{name},#{nickname},sha2(#{password},256),#{email},#{addr},#{gender},#{age})
	</insert>
	<!-- 파라미터: 실행에 필요한 데이터. #{ } 기호로 표시. resultType: 실행 후 리턴되는 데이터 타입.-->
	<update id="update" parameterType="User">
		update users set email=#{email}, nickname=#{nickname} where uidx=#{uidx}
	</update>
	<delete id="delete" parameterType="int" >
		delete from users where uidx=#{uidx}
	</delete>
	
	<select id="idCheck" parameterType="String" resultType="int">
		select count(email) from users where email=#{email}
	</select>
	<select id="findId" parameterType="User" resultType="String">
		select email from users where name=#{name} and nickname=#{nickname}
	</select>
	<update id="password" parameterType="User">
		update users set password=sha2(#{password},256) where email=#{email}
	</update>
	
</mapper>